fuente_origen,titulo,precio_original,moneda,precio_usd,distrito,direccion,medidas_m2,url_detalle,estado_inmueble,partida_registral,fecha_remate,es_oportunidad
BanBif,Loreto - Iquitos,"$25,000.00",USD,25000.0,Iquitos,No especificado,,https://banbif.com.pe/bienesadjudicados,No especificado,No especificado,,False
BanBif,Ica - Chincha Alta,"$1,000,000.00",USD,1000000.0,Chincha Alta,No especificado,,https://banbif.com.pe/bienesadjudicados,No especificado,No especificado,,False
BanBif,Lima - Puente Piedra,"$1,350,000.00",USD,1350000.0,Puente Piedra,No especificado,,https://banbif.com.pe/bienesadjudicados,No especificado,No especificado,,False
BanBif,Lima - Carabayllo,"$53,000.00",USD,53000.0,Carabayllo,No especificado,,https://banbif.com.pe/bienesadjudicados,No especificado,No especificado,,False
BanBif,Cusco - Ollantaytambo,"$200,000.00",USD,200000.0,Ollantaytambo,No especificado,,https://banbif.com.pe/bienesadjudicados,No especificado,No especificado,,False
BanBif,Piura - Piura,"$450,000.00",USD,450000.0,Piura,No especificado,,https://banbif.com.pe/bienesadjudicados,No especificado,No especificado,,False
BanBif,Ica - Alto Laran,"$80,500.00",USD,80500.0,Alto Laran,No especificado,,https://banbif.com.pe/bienesadjudicados,No especificado,No especificado,,False
BanBif,Piura - Ignacio Escudero,"$220,000.00",USD,220000.0,Ignacio Escudero,No especificado,,https://banbif.com.pe/bienesadjudicados,No especificado,No especificado,,False
BanBif,Piura - Pariñas,"$300,000.00",USD,300000.0,Pariñas,No especificado,,https://banbif.com.pe/bienesadjudicados,No especificado,No especificado,,False
REMAJU,REMATE SIMPLE - Sullana,,PEN,,Sullana,Sullana,,https://remaju.pj.gob.pe/remaju/?convocatoria=40876&remate=25563,No especificado,No especificado,2026-10-17T00:00:00,False
REMAJU,REMATE SIMPLE - 26 De Octubre,,PEN,,26 De Octubre,26 De Octubre,,https://remaju.pj.gob.pe/remaju/?convocatoria=40875&remate=25562,No especificado,No especificado,2026-10-17T00:00:00,False
REMAJU,REMATE SIMPLE - 26 De Octubre,,PEN,,26 De Octubre,26 De Octubre,,https://remaju.pj.gob.pe/remaju/?convocatoria=40874&remate=25561,No especificado,No especificado,2026-10-17T00:00:00,False
REMAJU,REMATE SIMPLE - Sullana,,PEN,,Sullana,Sullana,,https://remaju.pj.gob.pe/remaju/?convocatoria=40873&remate=25560,No especificado,No especificado,2026-10-17T00:00:00,False
REMAJU,REMATE SIMPLE - Tumbes,,PEN,,Tumbes,Tumbes,,https://remaju.pj.gob.pe/remaju/?convocatoria=40872&remate=25559,No especificado,No especificado,2026-10-17T00:00:00,False
REMAJU,REMATE SIMPLE - Pomalca,,PEN,,Pomalca,Pomalca,,https://remaju.pj.gob.pe/remaju/?convocatoria=40871&remate=25558,No especificado,No especificado,2026-10-17T00:00:00,False
REMAJU,REMATE SIMPLE - Sullana,,PEN,,Sullana,Sullana,,https://remaju.pj.gob.pe/remaju/?convocatoria=40870&remate=25557,No especificado,No especificado,2026-10-17T00:00:00,False
REMAJU,REMATE SIMPLE - Trujillo,,PEN,,Trujillo,Trujillo,,https://remaju.pj.gob.pe/remaju/?convocatoria=40869&remate=25556,No especificado,No especificado,2026-10-17T00:00:00,False
REMAJU,REMATE SIMPLE - Belen,,PEN,,Belen,Belen,,https://remaju.pj.gob.pe/remaju/?convocatoria=40868&remate=25555,No especificado,No especificado,2026-10-17T00:00:00,False
REMAJU,REMATE SIMPLE - Reque,,PEN,,Reque,Reque,,https://remaju.pj.gob.pe/remaju/?convocatoria=40867&remate=25554,No especificado,No especificado,2026-10-16T00:00:00,False
REMAJU,REMATE SIMPLE - La Esperanza,,PEN,,La Esperanza,La Esperanza,,https://remaju.pj.gob.pe/remaju/?convocatoria=40865&remate=25553,No especificado,No especificado,2026-10-16T00:00:00,False
REMAJU,REMATE SIMPLE - Lima,,PEN,,Lima,Lima,,https://remaju.pj.gob.pe/remaju/?convocatoria=40864&remate=25552,No especificado,No especificado,2026-10-16T00:00:00,False
REMAJU,REMATE SIMPLE - Puente Piedra,,PEN,,Puente Piedra,Puente Piedra,,https://remaju.pj.gob.pe/remaju/?convocatoria=40862&remate=25551,No especificado,No especificado,2026-10-16T00:00:00,False
REMAJU,REMATE SIMPLE - Sullana,,PEN,,Sullana,Sullana,,https://remaju.pj.gob.pe/remaju/?convocatoria=40861&remate=25550,No especificado,No especificado,2026-10-16T00:00:00,False
REMAJU,REMATE SIMPLE - Villa El Salvador,,PEN,,Villa El Salvador,Villa El Salvador,,https://remaju.pj.gob.pe/remaju/?convocatoria=40860&remate=25549,No especificado,No especificado,2026-10-16T00:00:00,False
REMAJU,REMATE SIMPLE - Villa El Salvador,,PEN,,Villa El Salvador,Villa El Salvador,,https://remaju.pj.gob.pe/remaju/?convocatoria=40859&remate=25548,No especificado,No especificado,2026-10-16T00:00:00,False
REMAJU,REMATE SIMPLE - Asia,,PEN,,Asia,Asia,,https://remaju.pj.gob.pe/remaju/?convocatoria=40858&remate=25547,No especificado,No especificado,2026-10-16T00:00:00,False
REMAJU,REMATE SIMPLE - Chiclayo,,PEN,,Chiclayo,Chiclayo,,https://remaju.pj.gob.pe/remaju/?convocatoria=40857&remate=25546,No especificado,No especificado,2026-10-16T00:00:00,False
REMAJU,REMATE SIMPLE - San Juan De Lurigancho,,PEN,,San Juan De Lurigancho,San Juan De Lurigancho,,https://remaju.pj.gob.pe/remaju/?convocatoria=40856&remate=25545,No especificado,No especificado,2026-10-16T00:00:00,False
REMAJU,REMATE SIMPLE - Vitor,,PEN,,Vitor,Vitor,,https://remaju.pj.gob.pe/remaju/?convocatoria=40855&remate=25544,No especificado,No especificado,2026-10-16T00:00:00,False
REMAJU,REMATE SIMPLE - Villa El Salvador,,PEN,,Villa El Salvador,Villa El Salvador,,https://remaju.pj.gob.pe/remaju/?convocatoria=40854&remate=25543,No especificado,No especificado,2026-10-16T00:00:00,False
REMAJU,REMATE SIMPLE - Puente Piedra,,PEN,,Puente Piedra,Puente Piedra,,https://remaju.pj.gob.pe/remaju/?convocatoria=40853&remate=25542,No especificado,No especificado,2026-10-16T00:00:00,False
REMAJU,REMATE SIMPLE - Pomalca,,PEN,,Pomalca,Pomalca,,https://remaju.pj.gob.pe/remaju/?convocatoria=40852&remate=25541,No especificado,No especificado,2026-10-16T00:00:00,False
REMAJU,REMATE SIMPLE - San Juan De Lurigancho,,PEN,,San Juan De Lurigancho,San Juan De Lurigancho,,https://remaju.pj.gob.pe/remaju/?convocatoria=40851&remate=25540,No especificado,No especificado,2026-10-16T00:00:00,False
REMAJU,REMATE SIMPLE - San Juan De Lurigancho,,PEN,,San Juan De Lurigancho,San Juan De Lurigancho,,https://remaju.pj.gob.pe/remaju/?convocatoria=40850&remate=25539,No especificado,No especificado,2026-10-16T00:00:00,False
REMAJU,REMATE SIMPLE - San Juan De Lurigancho,,PEN,,San Juan De Lurigancho,San Juan De Lurigancho,,https://remaju.pj.gob.pe/remaju/?convocatoria=40849&remate=25538,No especificado,No especificado,2026-10-16T00:00:00,False
REMAJU,REMATE SIMPLE - San Juan De Lurigancho,,PEN,,San Juan De Lurigancho,San Juan De Lurigancho,,https://remaju.pj.gob.pe/remaju/?convocatoria=40848&remate=25537,No especificado,No especificado,2026-10-16T00:00:00,False
REMAJU,REMATE SIMPLE - San Juan De Lurigancho,,PEN,,San Juan De Lurigancho,San Juan De Lurigancho,,https://remaju.pj.gob.pe/remaju/?convocatoria=40847&remate=25536,No especificado,No especificado,2026-10-16T00:00:00,False
REMAJU,REMATE SIMPLE - Ate,,PEN,,Ate,Ate,,https://remaju.pj.gob.pe/remaju/?convocatoria=40846&remate=25535,No especificado,No especificado,2026-10-16T00:00:00,False
REMAJU,REMATE SIMPLE - Carmen De La Legua Reynoso,,PEN,,Carmen De La Legua Reynoso,Carmen De La Legua Reynoso,,https://remaju.pj.gob.pe/remaju/?convocatoria=40845&remate=25534,No especificado,No especificado,2026-10-16T00:00:00,False
REMAJU,REMATE SIMPLE - Ventanilla,,PEN,,Ventanilla,Ventanilla,,https://remaju.pj.gob.pe/remaju/?convocatoria=40844&remate=25533,No especificado,No especificado,2026-10-16T00:00:00,False
REMAJU,REMATE SIMPLE - Carmen De La Legua Reynoso,,PEN,,Carmen De La Legua Reynoso,Carmen De La Legua Reynoso,,https://remaju.pj.gob.pe/remaju/?convocatoria=40843&remate=25532,No especificado,No especificado,2026-10-16T00:00:00,False
REMAJU,REMATE SIMPLE - Villa Maria Del Triunfo,,PEN,,Villa Maria Del Triunfo,Villa Maria Del Triunfo,,https://remaju.pj.gob.pe/remaju/?convocatoria=40842&remate=25531,No especificado,No especificado,2026-10-16T00:00:00,False
REMAJU,REMATE SIMPLE - Santa Maria Del Valle,,PEN,,Santa Maria Del Valle,Santa Maria Del Valle,,https://remaju.pj.gob.pe/remaju/?convocatoria=40841&remate=25530,No especificado,No especificado,2026-10-16T00:00:00,False
REMAJU,REMATE SIMPLE - El Porvenir,,PEN,,El Porvenir,El Porvenir,,https://remaju.pj.gob.pe/remaju/?convocatoria=40840&remate=25529,No especificado,No especificado,2026-10-15T00:00:00,False
REMAJU,REMATE SIMPLE - San Juan De Lurigancho,,PEN,,San Juan De Lurigancho,San Juan De Lurigancho,,https://remaju.pj.gob.pe/remaju/?convocatoria=40839&remate=25528,No especificado,No especificado,2026-10-15T00:00:00,False
REMAJU,REMATE SIMPLE - Trujillo,,PEN,,Trujillo,Trujillo,,https://remaju.pj.gob.pe/remaju/?convocatoria=40838&remate=25527,No especificado,No especificado,2026-10-15T00:00:00,False
REMAJU,REMATE SIMPLE - Lurin,,PEN,,Lurin,Lurin,,https://remaju.pj.gob.pe/remaju/?convocatoria=40837&remate=25526,No especificado,No especificado,2026-10-15T00:00:00,False
REMAJU,REMATE SIMPLE - Comas,,PEN,,Comas,Comas,,https://remaju.pj.gob.pe/remaju/?convocatoria=40836&remate=25525,No especificado,No especificado,2026-10-15T00:00:00,False
REMAJU,REMATE SIMPLE - Lurin,,PEN,,Lurin,Lurin,,https://remaju.pj.gob.pe/remaju/?convocatoria=40835&remate=25524,No especificado,No especificado,2026-10-15T00:00:00,False
REMAJU,REMATE SIMPLE - Tumbes,,PEN,,Tumbes,Tumbes,,https://remaju.pj.gob.pe/remaju/?convocatoria=40834&remate=25523,No especificado,No especificado,2026-10-15T00:00:00,False
REMAJU,REMATE SIMPLE - Iquitos,,PEN,,Iquitos,Iquitos,,https://remaju.pj.gob.pe/remaju/?convocatoria=40833&remate=25522,No especificado,No especificado,2026-10-15T00:00:00,False
REMAJU,REMATE SIMPLE - Iquitos,,PEN,,Iquitos,Iquitos,,https://remaju.pj.gob.pe/remaju/?convocatoria=40832&remate=25521,No especificado,No especificado,2026-10-15T00:00:00,False
REMAJU,REMATE SIMPLE - Carabayllo,,PEN,,Carabayllo,Carabayllo,,https://remaju.pj.gob.pe/remaju/?convocatoria=40831&remate=25520,No especificado,No especificado,2026-10-15T00:00:00,False
REMAJU,REMATE SIMPLE - Las Piedras,,PEN,,Las Piedras,Las Piedras,,https://remaju.pj.gob.pe/remaju/?convocatoria=40830&remate=25519,No especificado,No especificado,2026-10-15T00:00:00,False
REMAJU,REMATE SIMPLE - San Juan Bautista,,PEN,,San Juan Bautista,San Juan Bautista,,https://remaju.pj.gob.pe/remaju/?convocatoria=40829&remate=25518,No especificado,No especificado,2026-10-15T00:00:00,False
REMAJU,REMATE SIMPLE - San Juan Bautista,,PEN,,San Juan Bautista,San Juan Bautista,,https://remaju.pj.gob.pe/remaju/?convocatoria=40828&remate=25517,No especificado,No especificado,2026-10-15T00:00:00,False
REMAJU,REMATE SIMPLE - La Esperanza,,PEN,,La Esperanza,La Esperanza,,https://remaju.pj.gob.pe/remaju/?convocatoria=40827&remate=25516,No especificado,No especificado,2026-10-15T00:00:00,False
REMAJU,REMATE SIMPLE - Junin,,PEN,,Junin,Junin,,https://remaju.pj.gob.pe/remaju/?convocatoria=40826&remate=25515,No especificado,No especificado,2026-10-15T00:00:00,False
REMAJU,REMATE SIMPLE - Santiago De Surco,,PEN,,Santiago De Surco,Santiago De Surco,,https://remaju.pj.gob.pe/remaju/?convocatoria=40825&remate=25514,No especificado,No especificado,2026-10-15T00:00:00,False
